episode_id,case,slice_name,seed,policy,status
revision_table6_qsens_q0p80_dep300_dep_s20_uncertainty_matched,dependency_sensitive,dependency_sensitive,20,uncertainty_only_matched_budget,done
revision_table6_qsens_q0p80_dep300_dep_s20_harm,dependency_sensitive,dependency_sensitive,20,harm_aware_selective,done
revision_table6_qsens_q0p80_dep300_dep_s21_uncertainty_matched,dependency_sensitive,dependency_sensitive,21,uncertainty_only_matched_budget,done
revision_table6_qsens_q0p80_dep300_dep_s21_harm,dependency_sensitive,dependency_sensitive,21,harm_aware_selective,done
revision_table6_qsens_q0p80_dep300_dep_s22_uncertainty_matched,dependency_sensitive,dependency_sensitive,22,uncertainty_only_matched_budget,done
revision_table6_qsens_q0p80_dep300_dep_s22_harm,dependency_sensitive,dependency_sensitive,22,harm_aware_selective,done
revision_table6_qsens_q0p80_dep300_dep_s23_uncertainty_matched,dependency_sensitive,dependency_sensitive,23,uncertainty_only_matched_budget,done
revision_table6_qsens_q0p80_dep300_dep_s23_harm,dependency_sensitive,dependency_sensitive,23,harm_aware_selective,done
revision_table6_qsens_q0p80_dep300_dep_s24_uncertainty_matched,dependency_sensitive,dependency_sensitive,24,uncertainty_only_matched_budget,done
revision_table6_qsens_q0p80_dep300_dep_s24_harm,dependency_sensitive,dependency_sensitive,24,harm_aware_selective,done
revision_table6_qsens_q0p80_dep300_dep_s25_uncertainty_matched,dependency_sensitive,dependency_sensitive,25,uncertainty_only_matched_budget,done
revision_table6_qsens_q0p80_dep300_dep_s25_harm,dependency_sensitive,dependency_sensitive,25,harm_aware_selective,done
revision_table6_qsens_q0p80_dep300_dep_s26_uncertainty_matched,dependency_sensitive,dependency_sensitive,26,uncertainty_only_matched_budget,done
revision_table6_qsens_q0p80_dep300_dep_s26_harm,dependency_sensitive,dependency_sensitive,26,harm_aware_selective,done
revision_table6_qsens_q0p80_dep300_dep_s27_uncertainty_matched,dependency_sensitive,dependency_sensitive,27,uncertainty_only_matched_budget,done
revision_table6_qsens_q0p80_dep300_dep_s27_harm,dependency_sensitive,dependency_sensitive,27,harm_aware_selective,done
revision_table6_qsens_q0p80_dep300_dep_s28_uncertainty_matched,dependency_sensitive,dependency_sensitive,28,uncertainty_only_matched_budget,done
revision_table6_qsens_q0p80_dep300_dep_s28_harm,dependency_sensitive,dependency_sensitive,28,harm_aware_selective,done
revision_table6_qsens_q0p80_dep300_dep_s29_uncertainty_matched,dependency_sensitive,dependency_sensitive,29,uncertainty_only_matched_budget,done
revision_table6_qsens_q0p80_dep300_dep_s29_harm,dependency_sensitive,dependency_sensitive,29,harm_aware_selective,done
revision_table6_qsens_q0p80_dep300_dep_s30_uncertainty_matched,dependency_sensitive,dependency_sensitive,30,uncertainty_only_matched_budget,done
revision_table6_qsens_q0p80_dep300_dep_s30_harm,dependency_sensitive,dependency_sensitive,30,harm_aware_selective,done
revision_table6_qsens_q0p80_dep300_dep_s31_uncertainty_matched,dependency_sensitive,dependency_sensitive,31,uncertainty_only_matched_budget,done
revision_table6_qsens_q0p80_dep300_dep_s31_harm,dependency_sensitive,dependency_sensitive,31,harm_aware_selective,done
revision_table6_qsens_q0p80_dep300_dep_s32_uncertainty_matched,dependency_sensitive,dependency_sensitive,32,uncertainty_only_matched_budget,done
revision_table6_qsens_q0p80_dep300_dep_s32_harm,dependency_sensitive,dependency_sensitive,32,harm_aware_selective,done
revision_table6_qsens_q0p80_dep300_dep_s33_uncertainty_matched,dependency_sensitive,dependency_sensitive,33,uncertainty_only_matched_budget,done
revision_table6_qsens_q0p80_dep300_dep_s33_harm,dependency_sensitive,dependency_sensitive,33,harm_aware_selective,done
revision_table6_qsens_q0p80_dep300_dep_s34_uncertainty_matched,dependency_sensitive,dependency_sensitive,34,uncertainty_only_matched_budget,done
revision_table6_qsens_q0p80_dep300_dep_s34_harm,dependency_sensitive,dependency_sensitive,34,harm_aware_selective,done
revision_table6_qsens_q0p80_dep300_dep_s35_uncertainty_matched,dependency_sensitive,dependency_sensitive,35,uncertainty_only_matched_budget,done
revision_table6_qsens_q0p80_dep300_dep_s35_harm,dependency_sensitive,dependency_sensitive,35,harm_aware_selective,done
revision_table6_qsens_q0p80_dep300_dep_s36_uncertainty_matched,dependency_sensitive,dependency_sensitive,36,uncertainty_only_matched_budget,done
revision_table6_qsens_q0p80_dep300_dep_s36_harm,dependency_sensitive,dependency_sensitive,36,harm_aware_selective,done
revision_table6_qsens_q0p80_dep300_dep_s37_uncertainty_matched,dependency_sensitive,dependency_sensitive,37,uncertainty_only_matched_budget,done
revision_table6_qsens_q0p80_dep300_dep_s37_harm,dependency_sensitive,dependency_sensitive,37,harm_aware_selective,done
revision_table6_qsens_q0p80_dep300_dep_s38_uncertainty_matched,dependency_sensitive,dependency_sensitive,38,uncertainty_only_matched_budget,done
revision_table6_qsens_q0p80_dep300_dep_s38_harm,dependency_sensitive,dependency_sensitive,38,harm_aware_selective,done
revision_table6_qsens_q0p80_dep300_dep_s39_uncertainty_matched,dependency_sensitive,dependency_sensitive,39,uncertainty_only_matched_budget,done
revision_table6_qsens_q0p80_dep300_dep_s39_harm,dependency_sensitive,dependency_sensitive,39,harm_aware_selective,done
revision_table6_qsens_q0p80_dep300_dep_s40_uncertainty_matched,dependency_sensitive,dependency_sensitive,40,uncertainty_only_matched_budget,done
revision_table6_qsens_q0p80_dep300_dep_s40_harm,dependency_sensitive,dependency_sensitive,40,harm_aware_selective,done
revision_table6_qsens_q0p80_dep300_dep_s41_uncertainty_matched,dependency_sensitive,dependency_sensitive,41,uncertainty_only_matched_budget,done
revision_table6_qsens_q0p80_dep300_dep_s41_harm,dependency_sensitive,dependency_sensitive,41,harm_aware_selective,done
revision_table6_qsens_q0p80_dep300_dep_s42_uncertainty_matched,dependency_sensitive,dependency_sensitive,42,uncertainty_only_matched_budget,done
revision_table6_qsens_q0p80_dep300_dep_s42_harm,dependency_sensitive,dependency_sensitive,42,harm_aware_selective,done
revision_table6_qsens_q0p80_dep300_dep_s43_uncertainty_matched,dependency_sensitive,dependency_sensitive,43,uncertainty_only_matched_budget,done
revision_table6_qsens_q0p80_dep300_dep_s43_harm,dependency_sensitive,dependency_sensitive,43,harm_aware_selective,done
revision_table6_qsens_q0p80_dep300_dep_s44_uncertainty_matched,dependency_sensitive,dependency_sensitive,44,uncertainty_only_matched_budget,done
revision_table6_qsens_q0p80_dep300_dep_s44_harm,dependency_sensitive,dependency_sensitive,44,harm_aware_selective,done
revision_table6_qsens_q0p80_dep300_dep_s45_uncertainty_matched,dependency_sensitive,dependency_sensitive,45,uncertainty_only_matched_budget,done
revision_table6_qsens_q0p80_dep300_dep_s45_harm,dependency_sensitive,dependency_sensitive,45,harm_aware_selective,done
revision_table6_qsens_q0p80_dep300_dep_s46_uncertainty_matched,dependency_sensitive,dependency_sensitive,46,uncertainty_only_matched_budget,done
revision_table6_qsens_q0p80_dep300_dep_s46_harm,dependency_sensitive,dependency_sensitive,46,harm_aware_selective,done
revision_table6_qsens_q0p80_dep300_dep_s47_uncertainty_matched,dependency_sensitive,dependency_sensitive,47,uncertainty_only_matched_budget,done
revision_table6_qsens_q0p80_dep300_dep_s47_harm,dependency_sensitive,dependency_sensitive,47,harm_aware_selective,done
revision_table6_qsens_q0p80_dep300_dep_s48_uncertainty_matched,dependency_sensitive,dependency_sensitive,48,uncertainty_only_matched_budget,done
revision_table6_qsens_q0p80_dep300_dep_s48_harm,dependency_sensitive,dependency_sensitive,48,harm_aware_selective,done
revision_table6_qsens_q0p80_dep300_dep_s49_uncertainty_matched,dependency_sensitive,dependency_sensitive,49,uncertainty_only_matched_budget,done
revision_table6_qsens_q0p80_dep300_dep_s49_harm,dependency_sensitive,dependency_sensitive,49,harm_aware_selective,done
revision_table6_qsens_q0p80_dep300_dep_s50_uncertainty_matched,dependency_sensitive,dependency_sensitive,50,uncertainty_only_matched_budget,done
revision_table6_qsens_q0p80_dep300_dep_s50_harm,dependency_sensitive,dependency_sensitive,50,harm_aware_selective,done
revision_table6_qsens_q0p80_dep300_dep_s51_uncertainty_matched,dependency_sensitive,dependency_sensitive,51,uncertainty_only_matched_budget,done
revision_table6_qsens_q0p80_dep300_dep_s51_harm,dependency_sensitive,dependency_sensitive,51,harm_aware_selective,done
revision_table6_qsens_q0p80_dep300_dep_s52_uncertainty_matched,dependency_sensitive,dependency_sensitive,52,uncertainty_only_matched_budget,done
revision_table6_qsens_q0p80_dep300_dep_s52_harm,dependency_sensitive,dependency_sensitive,52,harm_aware_selective,done
revision_table6_qsens_q0p80_dep300_dep_s53_uncertainty_matched,dependency_sensitive,dependency_sensitive,53,uncertainty_only_matched_budget,done
revision_table6_qsens_q0p80_dep300_dep_s53_harm,dependency_sensitive,dependency_sensitive,53,harm_aware_selective,done
revision_table6_qsens_q0p80_dep300_dep_s54_uncertainty_matched,dependency_sensitive,dependency_sensitive,54,uncertainty_only_matched_budget,done
revision_table6_qsens_q0p80_dep300_dep_s54_harm,dependency_sensitive,dependency_sensitive,54,harm_aware_selective,done
revision_table6_qsens_q0p80_dep300_dep_s55_uncertainty_matched,dependency_sensitive,dependency_sensitive,55,uncertainty_only_matched_budget,done
revision_table6_qsens_q0p80_dep300_dep_s55_harm,dependency_sensitive,dependency_sensitive,55,harm_aware_selective,done
revision_table6_qsens_q0p80_dep300_dep_s56_uncertainty_matched,dependency_sensitive,dependency_sensitive,56,uncertainty_only_matched_budget,done
revision_table6_qsens_q0p80_dep300_dep_s56_harm,dependency_sensitive,dependency_sensitive,56,harm_aware_selective,done
revision_table6_qsens_q0p80_dep300_dep_s57_uncertainty_matched,dependency_sensitive,dependency_sensitive,57,uncertainty_only_matched_budget,done
revision_table6_qsens_q0p80_dep300_dep_s57_harm,dependency_sensitive,dependency_sensitive,57,harm_aware_selective,done
revision_table6_qsens_q0p80_dep300_dep_s58_uncertainty_matched,dependency_sensitive,dependency_sensitive,58,uncertainty_only_matched_budget,done
revision_table6_qsens_q0p80_dep300_dep_s58_harm,dependency_sensitive,dependency_sensitive,58,harm_aware_selective,done
revision_table6_qsens_q0p80_dep300_dep_s59_uncertainty_matched,dependency_sensitive,dependency_sensitive,59,uncertainty_only_matched_budget,done
revision_table6_qsens_q0p80_dep300_dep_s59_harm,dependency_sensitive,dependency_sensitive,59,harm_aware_selective,done
revision_table6_qsens_q0p80_dep300_dep_s60_uncertainty_matched,dependency_sensitive,dependency_sensitive,60,uncertainty_only_matched_budget,done
revision_table6_qsens_q0p80_dep300_dep_s60_harm,dependency_sensitive,dependency_sensitive,60,harm_aware_selective,done
revision_table6_qsens_q0p80_dep300_dep_s61_uncertainty_matched,dependency_sensitive,dependency_sensitive,61,uncertainty_only_matched_budget,done
revision_table6_qsens_q0p80_dep300_dep_s61_harm,dependency_sensitive,dependency_sensitive,61,harm_aware_selective,done
revision_table6_qsens_q0p80_dep300_dep_s62_uncertainty_matched,dependency_sensitive,dependency_sensitive,62,uncertainty_only_matched_budget,done
revision_table6_qsens_q0p80_dep300_dep_s62_harm,dependency_sensitive,dependency_sensitive,62,harm_aware_selective,done
revision_table6_qsens_q0p80_dep300_dep_s63_uncertainty_matched,dependency_sensitive,dependency_sensitive,63,uncertainty_only_matched_budget,done
revision_table6_qsens_q0p80_dep300_dep_s63_harm,dependency_sensitive,dependency_sensitive,63,harm_aware_selective,done
revision_table6_qsens_q0p80_dep300_dep_s64_uncertainty_matched,dependency_sensitive,dependency_sensitive,64,uncertainty_only_matched_budget,done
revision_table6_qsens_q0p80_dep300_dep_s64_harm,dependency_sensitive,dependency_sensitive,64,harm_aware_selective,done
revision_table6_qsens_q0p80_dep300_dep_s65_uncertainty_matched,dependency_sensitive,dependency_sensitive,65,uncertainty_only_matched_budget,done
revision_table6_qsens_q0p80_dep300_dep_s65_harm,dependency_sensitive,dependency_sensitive,65,harm_aware_selective,done
revision_table6_qsens_q0p80_dep300_dep_s66_uncertainty_matched,dependency_sensitive,dependency_sensitive,66,uncertainty_only_matched_budget,done
revision_table6_qsens_q0p80_dep300_dep_s66_harm,dependency_sensitive,dependency_sensitive,66,harm_aware_selective,done
revision_table6_qsens_q0p80_dep300_dep_s67_uncertainty_matched,dependency_sensitive,dependency_sensitive,67,uncertainty_only_matched_budget,done
revision_table6_qsens_q0p80_dep300_dep_s67_harm,dependency_sensitive,dependency_sensitive,67,harm_aware_selective,done
revision_table6_qsens_q0p80_dep300_dep_s68_uncertainty_matched,dependency_sensitive,dependency_sensitive,68,uncertainty_only_matched_budget,done
revision_table6_qsens_q0p80_dep300_dep_s68_harm,dependency_sensitive,dependency_sensitive,68,harm_aware_selective,done
revision_table6_qsens_q0p80_dep300_dep_s69_uncertainty_matched,dependency_sensitive,dependency_sensitive,69,uncertainty_only_matched_budget,done
revision_table6_qsens_q0p80_dep300_dep_s69_harm,dependency_sensitive,dependency_sensitive,69,harm_aware_selective,done
revision_table6_qsens_q0p80_dep300_dep_s70_uncertainty_matched,dependency_sensitive,dependency_sensitive,70,uncertainty_only_matched_budget,done
revision_table6_qsens_q0p80_dep300_dep_s70_harm,dependency_sensitive,dependency_sensitive,70,harm_aware_selective,done
revision_table6_qsens_q0p80_dep300_dep_s71_uncertainty_matched,dependency_sensitive,dependency_sensitive,71,uncertainty_only_matched_budget,done
revision_table6_qsens_q0p80_dep300_dep_s71_harm,dependency_sensitive,dependency_sensitive,71,harm_aware_selective,done
revision_table6_qsens_q0p80_dep300_dep_s72_uncertainty_matched,dependency_sensitive,dependency_sensitive,72,uncertainty_only_matched_budget,done
revision_table6_qsens_q0p80_dep300_dep_s72_harm,dependency_sensitive,dependency_sensitive,72,harm_aware_selective,done
revision_table6_qsens_q0p80_dep300_dep_s73_uncertainty_matched,dependency_sensitive,dependency_sensitive,73,uncertainty_only_matched_budget,done
revision_table6_qsens_q0p80_dep300_dep_s73_harm,dependency_sensitive,dependency_sensitive,73,harm_aware_selective,done
revision_table6_qsens_q0p80_dep300_dep_s74_uncertainty_matched,dependency_sensitive,dependency_sensitive,74,uncertainty_only_matched_budget,done
revision_table6_qsens_q0p80_dep300_dep_s74_harm,dependency_sensitive,dependency_sensitive,74,harm_aware_selective,done
revision_table6_qsens_q0p80_dep300_dep_s75_uncertainty_matched,dependency_sensitive,dependency_sensitive,75,uncertainty_only_matched_budget,done
revision_table6_qsens_q0p80_dep300_dep_s75_harm,dependency_sensitive,dependency_sensitive,75,harm_aware_selective,done
revision_table6_qsens_q0p80_dep300_dep_s76_uncertainty_matched,dependency_sensitive,dependency_sensitive,76,uncertainty_only_matched_budget,done
revision_table6_qsens_q0p80_dep300_dep_s76_harm,dependency_sensitive,dependency_sensitive,76,harm_aware_selective,done
revision_table6_qsens_q0p80_dep300_dep_s77_uncertainty_matched,dependency_sensitive,dependency_sensitive,77,uncertainty_only_matched_budget,done
revision_table6_qsens_q0p80_dep300_dep_s77_harm,dependency_sensitive,dependency_sensitive,77,harm_aware_selective,done
revision_table6_qsens_q0p80_dep300_dep_s78_uncertainty_matched,dependency_sensitive,dependency_sensitive,78,uncertainty_only_matched_budget,done
revision_table6_qsens_q0p80_dep300_dep_s78_harm,dependency_sensitive,dependency_sensitive,78,harm_aware_selective,done
revision_table6_qsens_q0p80_dep300_dep_s79_uncertainty_matched,dependency_sensitive,dependency_sensitive,79,uncertainty_only_matched_budget,done
revision_table6_qsens_q0p80_dep300_dep_s79_harm,dependency_sensitive,dependency_sensitive,79,harm_aware_selective,done
revision_table6_qsens_q0p80_dep300_dep_s80_uncertainty_matched,dependency_sensitive,dependency_sensitive,80,uncertainty_only_matched_budget,done
revision_table6_qsens_q0p80_dep300_dep_s80_harm,dependency_sensitive,dependency_sensitive,80,harm_aware_selective,done
revision_table6_qsens_q0p80_dep300_dep_s81_uncertainty_matched,dependency_sensitive,dependency_sensitive,81,uncertainty_only_matched_budget,done
revision_table6_qsens_q0p80_dep300_dep_s81_harm,dependency_sensitive,dependency_sensitive,81,harm_aware_selective,done
revision_table6_qsens_q0p80_dep300_dep_s82_uncertainty_matched,dependency_sensitive,dependency_sensitive,82,uncertainty_only_matched_budget,done
revision_table6_qsens_q0p80_dep300_dep_s82_harm,dependency_sensitive,dependency_sensitive,82,harm_aware_selective,done
revision_table6_qsens_q0p80_dep300_dep_s83_uncertainty_matched,dependency_sensitive,dependency_sensitive,83,uncertainty_only_matched_budget,done
revision_table6_qsens_q0p80_dep300_dep_s83_harm,dependency_sensitive,dependency_sensitive,83,harm_aware_selective,done
revision_table6_qsens_q0p80_dep300_dep_s84_uncertainty_matched,dependency_sensitive,dependency_sensitive,84,uncertainty_only_matched_budget,done
revision_table6_qsens_q0p80_dep300_dep_s84_harm,dependency_sensitive,dependency_sensitive,84,harm_aware_selective,done
revision_table6_qsens_q0p80_dep300_dep_s85_uncertainty_matched,dependency_sensitive,dependency_sensitive,85,uncertainty_only_matched_budget,done
revision_table6_qsens_q0p80_dep300_dep_s85_harm,dependency_sensitive,dependency_sensitive,85,harm_aware_selective,done
revision_table6_qsens_q0p80_dep300_dep_s86_uncertainty_matched,dependency_sensitive,dependency_sensitive,86,uncertainty_only_matched_budget,done
revision_table6_qsens_q0p80_dep300_dep_s86_harm,dependency_sensitive,dependency_sensitive,86,harm_aware_selective,done
revision_table6_qsens_q0p80_dep300_dep_s87_uncertainty_matched,dependency_sensitive,dependency_sensitive,87,uncertainty_only_matched_budget,done
revision_table6_qsens_q0p80_dep300_dep_s87_harm,dependency_sensitive,dependency_sensitive,87,harm_aware_selective,done
revision_table6_qsens_q0p80_dep300_dep_s88_uncertainty_matched,dependency_sensitive,dependency_sensitive,88,uncertainty_only_matched_budget,done
revision_table6_qsens_q0p80_dep300_dep_s88_harm,dependency_sensitive,dependency_sensitive,88,harm_aware_selective,done
revision_table6_qsens_q0p80_dep300_dep_s89_uncertainty_matched,dependency_sensitive,dependency_sensitive,89,uncertainty_only_matched_budget,done
revision_table6_qsens_q0p80_dep300_dep_s89_harm,dependency_sensitive,dependency_sensitive,89,harm_aware_selective,done
revision_table6_qsens_q0p80_dep300_dep_s90_uncertainty_matched,dependency_sensitive,dependency_sensitive,90,uncertainty_only_matched_budget,done
revision_table6_qsens_q0p80_dep300_dep_s90_harm,dependency_sensitive,dependency_sensitive,90,harm_aware_selective,done
revision_table6_qsens_q0p80_dep300_dep_s91_uncertainty_matched,dependency_sensitive,dependency_sensitive,91,uncertainty_only_matched_budget,done
revision_table6_qsens_q0p80_dep300_dep_s91_harm,dependency_sensitive,dependency_sensitive,91,harm_aware_selective,done
revision_table6_qsens_q0p80_dep300_dep_s92_uncertainty_matched,dependency_sensitive,dependency_sensitive,92,uncertainty_only_matched_budget,done
revision_table6_qsens_q0p80_dep300_dep_s92_harm,dependency_sensitive,dependency_sensitive,92,harm_aware_selective,done
revision_table6_qsens_q0p80_dep300_dep_s93_uncertainty_matched,dependency_sensitive,dependency_sensitive,93,uncertainty_only_matched_budget,done
revision_table6_qsens_q0p80_dep300_dep_s93_harm,dependency_sensitive,dependency_sensitive,93,harm_aware_selective,done
revision_table6_qsens_q0p80_dep300_dep_s94_uncertainty_matched,dependency_sensitive,dependency_sensitive,94,uncertainty_only_matched_budget,done
revision_table6_qsens_q0p80_dep300_dep_s94_harm,dependency_sensitive,dependency_sensitive,94,harm_aware_selective,done
revision_table6_qsens_q0p80_dep300_dep_s95_uncertainty_matched,dependency_sensitive,dependency_sensitive,95,uncertainty_only_matched_budget,done
revision_table6_qsens_q0p80_dep300_dep_s95_harm,dependency_sensitive,dependency_sensitive,95,harm_aware_selective,done
revision_table6_qsens_q0p80_dep300_dep_s96_uncertainty_matched,dependency_sensitive,dependency_sensitive,96,uncertainty_only_matched_budget,done
revision_table6_qsens_q0p80_dep300_dep_s96_harm,dependency_sensitive,dependency_sensitive,96,harm_aware_selective,done
revision_table6_qsens_q0p80_dep300_dep_s97_uncertainty_matched,dependency_sensitive,dependency_sensitive,97,uncertainty_only_matched_budget,done
revision_table6_qsens_q0p80_dep300_dep_s97_harm,dependency_sensitive,dependency_sensitive,97,harm_aware_selective,done
revision_table6_qsens_q0p80_dep300_dep_s98_uncertainty_matched,dependency_sensitive,dependency_sensitive,98,uncertainty_only_matched_budget,done
revision_table6_qsens_q0p80_dep300_dep_s98_harm,dependency_sensitive,dependency_sensitive,98,harm_aware_selective,done
revision_table6_qsens_q0p80_dep300_dep_s99_uncertainty_matched,dependency_sensitive,dependency_sensitive,99,uncertainty_only_matched_budget,done
revision_table6_qsens_q0p80_dep300_dep_s99_harm,dependency_sensitive,dependency_sensitive,99,harm_aware_selective,done
revision_table6_qsens_q0p80_dep300_dep_s100_uncertainty_matched,dependency_sensitive,dependency_sensitive,100,uncertainty_only_matched_budget,done
revision_table6_qsens_q0p80_dep300_dep_s100_harm,dependency_sensitive,dependency_sensitive,100,harm_aware_selective,done
revision_table6_qsens_q0p80_dep300_dep_s101_uncertainty_matched,dependency_sensitive,dependency_sensitive,101,uncertainty_only_matched_budget,done
revision_table6_qsens_q0p80_dep300_dep_s101_harm,dependency_sensitive,dependency_sensitive,101,harm_aware_selective,done
revision_table6_qsens_q0p80_dep300_dep_s102_uncertainty_matched,dependency_sensitive,dependency_sensitive,102,uncertainty_only_matched_budget,done
revision_table6_qsens_q0p80_dep300_dep_s102_harm,dependency_sensitive,dependency_sensitive,102,harm_aware_selective,done
revision_table6_qsens_q0p80_dep300_dep_s103_uncertainty_matched,dependency_sensitive,dependency_sensitive,103,uncertainty_only_matched_budget,done
revision_table6_qsens_q0p80_dep300_dep_s103_harm,dependency_sensitive,dependency_sensitive,103,harm_aware_selective,done
revision_table6_qsens_q0p80_dep300_dep_s104_uncertainty_matched,dependency_sensitive,dependency_sensitive,104,uncertainty_only_matched_budget,done
revision_table6_qsens_q0p80_dep300_dep_s104_harm,dependency_sensitive,dependency_sensitive,104,harm_aware_selective,done
revision_table6_qsens_q0p80_dep300_dep_s105_uncertainty_matched,dependency_sensitive,dependency_sensitive,105,uncertainty_only_matched_budget,done
revision_table6_qsens_q0p80_dep300_dep_s105_harm,dependency_sensitive,dependency_sensitive,105,harm_aware_selective,done
revision_table6_qsens_q0p80_dep300_dep_s106_uncertainty_matched,dependency_sensitive,dependency_sensitive,106,uncertainty_only_matched_budget,done
revision_table6_qsens_q0p80_dep300_dep_s106_harm,dependency_sensitive,dependency_sensitive,106,harm_aware_selective,done
revision_table6_qsens_q0p80_dep300_dep_s107_uncertainty_matched,dependency_sensitive,dependency_sensitive,107,uncertainty_only_matched_budget,done
revision_table6_qsens_q0p80_dep300_dep_s107_harm,dependency_sensitive,dependency_sensitive,107,harm_aware_selective,done
revision_table6_qsens_q0p80_dep300_dep_s108_uncertainty_matched,dependency_sensitive,dependency_sensitive,108,uncertainty_only_matched_budget,done
revision_table6_qsens_q0p80_dep300_dep_s108_harm,dependency_sensitive,dependency_sensitive,108,harm_aware_selective,done
revision_table6_qsens_q0p80_dep300_dep_s109_uncertainty_matched,dependency_sensitive,dependency_sensitive,109,uncertainty_only_matched_budget,done
revision_table6_qsens_q0p80_dep300_dep_s109_harm,dependency_sensitive,dependency_sensitive,109,harm_aware_selective,done
revision_table6_qsens_q0p80_dep300_dep_s110_uncertainty_matched,dependency_sensitive,dependency_sensitive,110,uncertainty_only_matched_budget,done
revision_table6_qsens_q0p80_dep300_dep_s110_harm,dependency_sensitive,dependency_sensitive,110,harm_aware_selective,done
revision_table6_qsens_q0p80_dep300_dep_s111_uncertainty_matched,dependency_sensitive,dependency_sensitive,111,uncertainty_only_matched_budget,done
revision_table6_qsens_q0p80_dep300_dep_s111_harm,dependency_sensitive,dependency_sensitive,111,harm_aware_selective,done
revision_table6_qsens_q0p80_dep300_dep_s112_uncertainty_matched,dependency_sensitive,dependency_sensitive,112,uncertainty_only_matched_budget,done
revision_table6_qsens_q0p80_dep300_dep_s112_harm,dependency_sensitive,dependency_sensitive,112,harm_aware_selective,done
revision_table6_qsens_q0p80_dep300_dep_s113_uncertainty_matched,dependency_sensitive,dependency_sensitive,113,uncertainty_only_matched_budget,done
revision_table6_qsens_q0p80_dep300_dep_s113_harm,dependency_sensitive,dependency_sensitive,113,harm_aware_selective,done
revision_table6_qsens_q0p80_dep300_dep_s114_uncertainty_matched,dependency_sensitive,dependency_sensitive,114,uncertainty_only_matched_budget,done
revision_table6_qsens_q0p80_dep300_dep_s114_harm,dependency_sensitive,dependency_sensitive,114,harm_aware_selective,done
revision_table6_qsens_q0p80_dep300_dep_s115_uncertainty_matched,dependency_sensitive,dependency_sensitive,115,uncertainty_only_matched_budget,done
revision_table6_qsens_q0p80_dep300_dep_s115_harm,dependency_sensitive,dependency_sensitive,115,harm_aware_selective,done
revision_table6_qsens_q0p80_dep300_dep_s116_uncertainty_matched,dependency_sensitive,dependency_sensitive,116,uncertainty_only_matched_budget,done
revision_table6_qsens_q0p80_dep300_dep_s116_harm,dependency_sensitive,dependency_sensitive,116,harm_aware_selective,done
revision_table6_qsens_q0p80_dep300_dep_s117_uncertainty_matched,dependency_sensitive,dependency_sensitive,117,uncertainty_only_matched_budget,done
revision_table6_qsens_q0p80_dep300_dep_s117_harm,dependency_sensitive,dependency_sensitive,117,harm_aware_selective,done
revision_table6_qsens_q0p80_dep300_dep_s118_uncertainty_matched,dependency_sensitive,dependency_sensitive,118,uncertainty_only_matched_budget,done
revision_table6_qsens_q0p80_dep300_dep_s118_harm,dependency_sensitive,dependency_sensitive,118,harm_aware_selective,done
revision_table6_qsens_q0p80_dep300_dep_s119_uncertainty_matched,dependency_sensitive,dependency_sensitive,119,uncertainty_only_matched_budget,done
revision_table6_qsens_q0p80_dep300_dep_s119_harm,dependency_sensitive,dependency_sensitive,119,harm_aware_selective,done
revision_table6_qsens_q0p80_dep300_dep_s120_uncertainty_matched,dependency_sensitive,dependency_sensitive,120,uncertainty_only_matched_budget,done
revision_table6_qsens_q0p80_dep300_dep_s120_harm,dependency_sensitive,dependency_sensitive,120,harm_aware_selective,done
revision_table6_qsens_q0p80_dep300_dep_s121_uncertainty_matched,dependency_sensitive,dependency_sensitive,121,uncertainty_only_matched_budget,done
revision_table6_qsens_q0p80_dep300_dep_s121_harm,dependency_sensitive,dependency_sensitive,121,harm_aware_selective,done
revision_table6_qsens_q0p80_dep300_dep_s122_uncertainty_matched,dependency_sensitive,dependency_sensitive,122,uncertainty_only_matched_budget,done
revision_table6_qsens_q0p80_dep300_dep_s122_harm,dependency_sensitive,dependency_sensitive,122,harm_aware_selective,done
revision_table6_qsens_q0p80_dep300_dep_s123_uncertainty_matched,dependency_sensitive,dependency_sensitive,123,uncertainty_only_matched_budget,done
revision_table6_qsens_q0p80_dep300_dep_s123_harm,dependency_sensitive,dependency_sensitive,123,harm_aware_selective,done
revision_table6_qsens_q0p80_dep300_dep_s124_uncertainty_matched,dependency_sensitive,dependency_sensitive,124,uncertainty_only_matched_budget,done
revision_table6_qsens_q0p80_dep300_dep_s124_harm,dependency_sensitive,dependency_sensitive,124,harm_aware_selective,done
revision_table6_qsens_q0p80_dep300_dep_s125_uncertainty_matched,dependency_sensitive,dependency_sensitive,125,uncertainty_only_matched_budget,done
revision_table6_qsens_q0p80_dep300_dep_s125_harm,dependency_sensitive,dependency_sensitive,125,harm_aware_selective,done
revision_table6_qsens_q0p80_dep300_dep_s126_uncertainty_matched,dependency_sensitive,dependency_sensitive,126,uncertainty_only_matched_budget,done
revision_table6_qsens_q0p80_dep300_dep_s126_harm,dependency_sensitive,dependency_sensitive,126,harm_aware_selective,done
revision_table6_qsens_q0p80_dep300_dep_s127_uncertainty_matched,dependency_sensitive,dependency_sensitive,127,uncertainty_only_matched_budget,done
revision_table6_qsens_q0p80_dep300_dep_s127_harm,dependency_sensitive,dependency_sensitive,127,harm_aware_selective,done
revision_table6_qsens_q0p80_dep300_dep_s128_uncertainty_matched,dependency_sensitive,dependency_sensitive,128,uncertainty_only_matched_budget,done
revision_table6_qsens_q0p80_dep300_dep_s128_harm,dependency_sensitive,dependency_sensitive,128,harm_aware_selective,done
revision_table6_qsens_q0p80_dep300_dep_s129_uncertainty_matched,dependency_sensitive,dependency_sensitive,129,uncertainty_only_matched_budget,done
revision_table6_qsens_q0p80_dep300_dep_s129_harm,dependency_sensitive,dependency_sensitive,129,harm_aware_selective,done
revision_table6_qsens_q0p80_dep300_dep_s130_uncertainty_matched,dependency_sensitive,dependency_sensitive,130,uncertainty_only_matched_budget,done
revision_table6_qsens_q0p80_dep300_dep_s130_harm,dependency_sensitive,dependency_sensitive,130,harm_aware_selective,done
revision_table6_qsens_q0p80_dep300_dep_s131_uncertainty_matched,dependency_sensitive,dependency_sensitive,131,uncertainty_only_matched_budget,done
revision_table6_qsens_q0p80_dep300_dep_s131_harm,dependency_sensitive,dependency_sensitive,131,harm_aware_selective,done
revision_table6_qsens_q0p80_dep300_dep_s132_uncertainty_matched,dependency_sensitive,dependency_sensitive,132,uncertainty_only_matched_budget,done
revision_table6_qsens_q0p80_dep300_dep_s132_harm,dependency_sensitive,dependency_sensitive,132,harm_aware_selective,done
revision_table6_qsens_q0p80_dep300_dep_s133_uncertainty_matched,dependency_sensitive,dependency_sensitive,133,uncertainty_only_matched_budget,done
revision_table6_qsens_q0p80_dep300_dep_s133_harm,dependency_sensitive,dependency_sensitive,133,harm_aware_selective,done
revision_table6_qsens_q0p80_dep300_dep_s134_uncertainty_matched,dependency_sensitive,dependency_sensitive,134,uncertainty_only_matched_budget,done
revision_table6_qsens_q0p80_dep300_dep_s134_harm,dependency_sensitive,dependency_sensitive,134,harm_aware_selective,done
revision_table6_qsens_q0p80_dep300_dep_s135_uncertainty_matched,dependency_sensitive,dependency_sensitive,135,uncertainty_only_matched_budget,done
revision_table6_qsens_q0p80_dep300_dep_s135_harm,dependency_sensitive,dependency_sensitive,135,harm_aware_selective,done
revision_table6_qsens_q0p80_dep300_dep_s136_uncertainty_matched,dependency_sensitive,dependency_sensitive,136,uncertainty_only_matched_budget,done
revision_table6_qsens_q0p80_dep300_dep_s136_harm,dependency_sensitive,dependency_sensitive,136,harm_aware_selective,done
revision_table6_qsens_q0p80_dep300_dep_s137_uncertainty_matched,dependency_sensitive,dependency_sensitive,137,uncertainty_only_matched_budget,done
revision_table6_qsens_q0p80_dep300_dep_s137_harm,dependency_sensitive,dependency_sensitive,137,harm_aware_selective,done
revision_table6_qsens_q0p80_dep300_dep_s138_uncertainty_matched,dependency_sensitive,dependency_sensitive,138,uncertainty_only_matched_budget,done
revision_table6_qsens_q0p80_dep300_dep_s138_harm,dependency_sensitive,dependency_sensitive,138,harm_aware_selective,done
revision_table6_qsens_q0p80_dep300_dep_s139_uncertainty_matched,dependency_sensitive,dependency_sensitive,139,uncertainty_only_matched_budget,done
revision_table6_qsens_q0p80_dep300_dep_s139_harm,dependency_sensitive,dependency_sensitive,139,harm_aware_selective,done
revision_table6_qsens_q0p80_dep300_dep_s140_uncertainty_matched,dependency_sensitive,dependency_sensitive,140,uncertainty_only_matched_budget,done
revision_table6_qsens_q0p80_dep300_dep_s140_harm,dependency_sensitive,dependency_sensitive,140,harm_aware_selective,done
revision_table6_qsens_q0p80_dep300_dep_s141_uncertainty_matched,dependency_sensitive,dependency_sensitive,141,uncertainty_only_matched_budget,done
revision_table6_qsens_q0p80_dep300_dep_s141_harm,dependency_sensitive,dependency_sensitive,141,harm_aware_selective,done
revision_table6_qsens_q0p80_dep300_dep_s142_uncertainty_matched,dependency_sensitive,dependency_sensitive,142,uncertainty_only_matched_budget,done
revision_table6_qsens_q0p80_dep300_dep_s142_harm,dependency_sensitive,dependency_sensitive,142,harm_aware_selective,done
revision_table6_qsens_q0p80_dep300_dep_s143_uncertainty_matched,dependency_sensitive,dependency_sensitive,143,uncertainty_only_matched_budget,done
revision_table6_qsens_q0p80_dep300_dep_s143_harm,dependency_sensitive,dependency_sensitive,143,harm_aware_selective,done
revision_table6_qsens_q0p80_dep300_dep_s144_uncertainty_matched,dependency_sensitive,dependency_sensitive,144,uncertainty_only_matched_budget,done
revision_table6_qsens_q0p80_dep300_dep_s144_harm,dependency_sensitive,dependency_sensitive,144,harm_aware_selective,done
revision_table6_qsens_q0p80_dep300_dep_s145_uncertainty_matched,dependency_sensitive,dependency_sensitive,145,uncertainty_only_matched_budget,done
revision_table6_qsens_q0p80_dep300_dep_s145_harm,dependency_sensitive,dependency_sensitive,145,harm_aware_selective,done
revision_table6_qsens_q0p80_dep300_dep_s146_uncertainty_matched,dependency_sensitive,dependency_sensitive,146,uncertainty_only_matched_budget,done
revision_table6_qsens_q0p80_dep300_dep_s146_harm,dependency_sensitive,dependency_sensitive,146,harm_aware_selective,done
revision_table6_qsens_q0p80_dep300_dep_s147_uncertainty_matched,dependency_sensitive,dependency_sensitive,147,uncertainty_only_matched_budget,done
revision_table6_qsens_q0p80_dep300_dep_s147_harm,dependency_sensitive,dependency_sensitive,147,harm_aware_selective,done
revision_table6_qsens_q0p80_dep300_dep_s148_uncertainty_matched,dependency_sensitive,dependency_sensitive,148,uncertainty_only_matched_budget,done
revision_table6_qsens_q0p80_dep300_dep_s148_harm,dependency_sensitive,dependency_sensitive,148,harm_aware_selective,done
revision_table6_qsens_q0p80_dep300_dep_s149_uncertainty_matched,dependency_sensitive,dependency_sensitive,149,uncertainty_only_matched_budget,done
revision_table6_qsens_q0p80_dep300_dep_s149_harm,dependency_sensitive,dependency_sensitive,149,harm_aware_selective,done
revision_table6_qsens_q0p80_dep300_dep_s150_uncertainty_matched,dependency_sensitive,dependency_sensitive,150,uncertainty_only_matched_budget,done
revision_table6_qsens_q0p80_dep300_dep_s150_harm,dependency_sensitive,dependency_sensitive,150,harm_aware_selective,done
revision_table6_qsens_q0p80_dep300_dep_s151_uncertainty_matched,dependency_sensitive,dependency_sensitive,151,uncertainty_only_matched_budget,done
revision_table6_qsens_q0p80_dep300_dep_s151_harm,dependency_sensitive,dependency_sensitive,151,harm_aware_selective,done
revision_table6_qsens_q0p80_dep300_dep_s152_uncertainty_matched,dependency_sensitive,dependency_sensitive,152,uncertainty_only_matched_budget,done
revision_table6_qsens_q0p80_dep300_dep_s152_harm,dependency_sensitive,dependency_sensitive,152,harm_aware_selective,done
revision_table6_qsens_q0p80_dep300_dep_s153_uncertainty_matched,dependency_sensitive,dependency_sensitive,153,uncertainty_only_matched_budget,done
revision_table6_qsens_q0p80_dep300_dep_s153_harm,dependency_sensitive,dependency_sensitive,153,harm_aware_selective,done
revision_table6_qsens_q0p80_dep300_dep_s154_uncertainty_matched,dependency_sensitive,dependency_sensitive,154,uncertainty_only_matched_budget,done
revision_table6_qsens_q0p80_dep300_dep_s154_harm,dependency_sensitive,dependency_sensitive,154,harm_aware_selective,done
revision_table6_qsens_q0p80_dep300_dep_s155_uncertainty_matched,dependency_sensitive,dependency_sensitive,155,uncertainty_only_matched_budget,done
revision_table6_qsens_q0p80_dep300_dep_s155_harm,dependency_sensitive,dependency_sensitive,155,harm_aware_selective,done
revision_table6_qsens_q0p80_dep300_dep_s156_uncertainty_matched,dependency_sensitive,dependency_sensitive,156,uncertainty_only_matched_budget,done
revision_table6_qsens_q0p80_dep300_dep_s156_harm,dependency_sensitive,dependency_sensitive,156,harm_aware_selective,done
revision_table6_qsens_q0p80_dep300_dep_s157_uncertainty_matched,dependency_sensitive,dependency_sensitive,157,uncertainty_only_matched_budget,done
revision_table6_qsens_q0p80_dep300_dep_s157_harm,dependency_sensitive,dependency_sensitive,157,harm_aware_selective,done
revision_table6_qsens_q0p80_dep300_dep_s158_uncertainty_matched,dependency_sensitive,dependency_sensitive,158,uncertainty_only_matched_budget,done
revision_table6_qsens_q0p80_dep300_dep_s158_harm,dependency_sensitive,dependency_sensitive,158,harm_aware_selective,done
revision_table6_qsens_q0p80_dep300_dep_s159_uncertainty_matched,dependency_sensitive,dependency_sensitive,159,uncertainty_only_matched_budget,done
revision_table6_qsens_q0p80_dep300_dep_s159_harm,dependency_sensitive,dependency_sensitive,159,harm_aware_selective,done
revision_table6_qsens_q0p80_dep300_dep_s160_uncertainty_matched,dependency_sensitive,dependency_sensitive,160,uncertainty_only_matched_budget,done
revision_table6_qsens_q0p80_dep300_dep_s160_harm,dependency_sensitive,dependency_sensitive,160,harm_aware_selective,done
revision_table6_qsens_q0p80_dep300_dep_s161_uncertainty_matched,dependency_sensitive,dependency_sensitive,161,uncertainty_only_matched_budget,done
revision_table6_qsens_q0p80_dep300_dep_s161_harm,dependency_sensitive,dependency_sensitive,161,harm_aware_selective,done
revision_table6_qsens_q0p80_dep300_dep_s162_uncertainty_matched,dependency_sensitive,dependency_sensitive,162,uncertainty_only_matched_budget,done
revision_table6_qsens_q0p80_dep300_dep_s162_harm,dependency_sensitive,dependency_sensitive,162,harm_aware_selective,done
revision_table6_qsens_q0p80_dep300_dep_s163_uncertainty_matched,dependency_sensitive,dependency_sensitive,163,uncertainty_only_matched_budget,done
revision_table6_qsens_q0p80_dep300_dep_s163_harm,dependency_sensitive,dependency_sensitive,163,harm_aware_selective,done
revision_table6_qsens_q0p80_dep300_dep_s164_uncertainty_matched,dependency_sensitive,dependency_sensitive,164,uncertainty_only_matched_budget,done
revision_table6_qsens_q0p80_dep300_dep_s164_harm,dependency_sensitive,dependency_sensitive,164,harm_aware_selective,done
revision_table6_qsens_q0p80_dep300_dep_s165_uncertainty_matched,dependency_sensitive,dependency_sensitive,165,uncertainty_only_matched_budget,done
revision_table6_qsens_q0p80_dep300_dep_s165_harm,dependency_sensitive,dependency_sensitive,165,harm_aware_selective,done
revision_table6_qsens_q0p80_dep300_dep_s166_uncertainty_matched,dependency_sensitive,dependency_sensitive,166,uncertainty_only_matched_budget,done
revision_table6_qsens_q0p80_dep300_dep_s166_harm,dependency_sensitive,dependency_sensitive,166,harm_aware_selective,done
revision_table6_qsens_q0p80_dep300_dep_s167_uncertainty_matched,dependency_sensitive,dependency_sensitive,167,uncertainty_only_matched_budget,done
revision_table6_qsens_q0p80_dep300_dep_s167_harm,dependency_sensitive,dependency_sensitive,167,harm_aware_selective,done
revision_table6_qsens_q0p80_dep300_dep_s168_uncertainty_matched,dependency_sensitive,dependency_sensitive,168,uncertainty_only_matched_budget,done
revision_table6_qsens_q0p80_dep300_dep_s168_harm,dependency_sensitive,dependency_sensitive,168,harm_aware_selective,done
revision_table6_qsens_q0p80_dep300_dep_s169_uncertainty_matched,dependency_sensitive,dependency_sensitive,169,uncertainty_only_matched_budget,done
revision_table6_qsens_q0p80_dep300_dep_s169_harm,dependency_sensitive,dependency_sensitive,169,harm_aware_selective,done
revision_table6_qsens_q0p80_dep300_dep_s170_uncertainty_matched,dependency_sensitive,dependency_sensitive,170,uncertainty_only_matched_budget,done
revision_table6_qsens_q0p80_dep300_dep_s170_harm,dependency_sensitive,dependency_sensitive,170,harm_aware_selective,done
revision_table6_qsens_q0p80_dep300_dep_s171_uncertainty_matched,dependency_sensitive,dependency_sensitive,171,uncertainty_only_matched_budget,done
revision_table6_qsens_q0p80_dep300_dep_s171_harm,dependency_sensitive,dependency_sensitive,171,harm_aware_selective,done
revision_table6_qsens_q0p80_dep300_dep_s172_uncertainty_matched,dependency_sensitive,dependency_sensitive,172,uncertainty_only_matched_budget,done
revision_table6_qsens_q0p80_dep300_dep_s172_harm,dependency_sensitive,dependency_sensitive,172,harm_aware_selective,done
revision_table6_qsens_q0p80_dep300_dep_s173_uncertainty_matched,dependency_sensitive,dependency_sensitive,173,uncertainty_only_matched_budget,done
revision_table6_qsens_q0p80_dep300_dep_s173_harm,dependency_sensitive,dependency_sensitive,173,harm_aware_selective,done
revision_table6_qsens_q0p80_dep300_dep_s174_uncertainty_matched,dependency_sensitive,dependency_sensitive,174,uncertainty_only_matched_budget,done
revision_table6_qsens_q0p80_dep300_dep_s174_harm,dependency_sensitive,dependency_sensitive,174,harm_aware_selective,done
revision_table6_qsens_q0p80_dep300_dep_s175_uncertainty_matched,dependency_sensitive,dependency_sensitive,175,uncertainty_only_matched_budget,done
revision_table6_qsens_q0p80_dep300_dep_s175_harm,dependency_sensitive,dependency_sensitive,175,harm_aware_selective,done
revision_table6_qsens_q0p80_dep300_dep_s176_uncertainty_matched,dependency_sensitive,dependency_sensitive,176,uncertainty_only_matched_budget,done
revision_table6_qsens_q0p80_dep300_dep_s176_harm,dependency_sensitive,dependency_sensitive,176,harm_aware_selective,done
revision_table6_qsens_q0p80_dep300_dep_s177_uncertainty_matched,dependency_sensitive,dependency_sensitive,177,uncertainty_only_matched_budget,done
revision_table6_qsens_q0p80_dep300_dep_s177_harm,dependency_sensitive,dependency_sensitive,177,harm_aware_selective,done
revision_table6_qsens_q0p80_dep300_dep_s178_uncertainty_matched,dependency_sensitive,dependency_sensitive,178,uncertainty_only_matched_budget,done
revision_table6_qsens_q0p80_dep300_dep_s178_harm,dependency_sensitive,dependency_sensitive,178,harm_aware_selective,done
revision_table6_qsens_q0p80_dep300_dep_s179_uncertainty_matched,dependency_sensitive,dependency_sensitive,179,uncertainty_only_matched_budget,done
revision_table6_qsens_q0p80_dep300_dep_s179_harm,dependency_sensitive,dependency_sensitive,179,harm_aware_selective,done
revision_table6_qsens_q0p80_dep300_dep_s180_uncertainty_matched,dependency_sensitive,dependency_sensitive,180,uncertainty_only_matched_budget,done
revision_table6_qsens_q0p80_dep300_dep_s180_harm,dependency_sensitive,dependency_sensitive,180,harm_aware_selective,done
revision_table6_qsens_q0p80_dep300_dep_s181_uncertainty_matched,dependency_sensitive,dependency_sensitive,181,uncertainty_only_matched_budget,done
revision_table6_qsens_q0p80_dep300_dep_s181_harm,dependency_sensitive,dependency_sensitive,181,harm_aware_selective,done
revision_table6_qsens_q0p80_dep300_dep_s182_uncertainty_matched,dependency_sensitive,dependency_sensitive,182,uncertainty_only_matched_budget,done
revision_table6_qsens_q0p80_dep300_dep_s182_harm,dependency_sensitive,dependency_sensitive,182,harm_aware_selective,done
revision_table6_qsens_q0p80_dep300_dep_s183_uncertainty_matched,dependency_sensitive,dependency_sensitive,183,uncertainty_only_matched_budget,done
revision_table6_qsens_q0p80_dep300_dep_s183_harm,dependency_sensitive,dependency_sensitive,183,harm_aware_selective,done
revision_table6_qsens_q0p80_dep300_dep_s184_uncertainty_matched,dependency_sensitive,dependency_sensitive,184,uncertainty_only_matched_budget,done
revision_table6_qsens_q0p80_dep300_dep_s184_harm,dependency_sensitive,dependency_sensitive,184,harm_aware_selective,done
revision_table6_qsens_q0p80_dep300_dep_s185_uncertainty_matched,dependency_sensitive,dependency_sensitive,185,uncertainty_only_matched_budget,done
revision_table6_qsens_q0p80_dep300_dep_s185_harm,dependency_sensitive,dependency_sensitive,185,harm_aware_selective,done
revision_table6_qsens_q0p80_dep300_dep_s186_uncertainty_matched,dependency_sensitive,dependency_sensitive,186,uncertainty_only_matched_budget,done
revision_table6_qsens_q0p80_dep300_dep_s186_harm,dependency_sensitive,dependency_sensitive,186,harm_aware_selective,done
revision_table6_qsens_q0p80_dep300_dep_s187_uncertainty_matched,dependency_sensitive,dependency_sensitive,187,uncertainty_only_matched_budget,done
revision_table6_qsens_q0p80_dep300_dep_s187_harm,dependency_sensitive,dependency_sensitive,187,harm_aware_selective,done
revision_table6_qsens_q0p80_dep300_dep_s188_uncertainty_matched,dependency_sensitive,dependency_sensitive,188,uncertainty_only_matched_budget,done
revision_table6_qsens_q0p80_dep300_dep_s188_harm,dependency_sensitive,dependency_sensitive,188,harm_aware_selective,done
revision_table6_qsens_q0p80_dep300_dep_s189_uncertainty_matched,dependency_sensitive,dependency_sensitive,189,uncertainty_only_matched_budget,done
revision_table6_qsens_q0p80_dep300_dep_s189_harm,dependency_sensitive,dependency_sensitive,189,harm_aware_selective,done
revision_table6_qsens_q0p80_dep300_dep_s190_uncertainty_matched,dependency_sensitive,dependency_sensitive,190,uncertainty_only_matched_budget,done
revision_table6_qsens_q0p80_dep300_dep_s190_harm,dependency_sensitive,dependency_sensitive,190,harm_aware_selective,done
revision_table6_qsens_q0p80_dep300_dep_s191_uncertainty_matched,dependency_sensitive,dependency_sensitive,191,uncertainty_only_matched_budget,done
revision_table6_qsens_q0p80_dep300_dep_s191_harm,dependency_sensitive,dependency_sensitive,191,harm_aware_selective,done
revision_table6_qsens_q0p80_dep300_dep_s192_uncertainty_matched,dependency_sensitive,dependency_sensitive,192,uncertainty_only_matched_budget,done
revision_table6_qsens_q0p80_dep300_dep_s192_harm,dependency_sensitive,dependency_sensitive,192,harm_aware_selective,done
revision_table6_qsens_q0p80_dep300_dep_s193_uncertainty_matched,dependency_sensitive,dependency_sensitive,193,uncertainty_only_matched_budget,done
revision_table6_qsens_q0p80_dep300_dep_s193_harm,dependency_sensitive,dependency_sensitive,193,harm_aware_selective,done
revision_table6_qsens_q0p80_dep300_dep_s194_uncertainty_matched,dependency_sensitive,dependency_sensitive,194,uncertainty_only_matched_budget,done
revision_table6_qsens_q0p80_dep300_dep_s194_harm,dependency_sensitive,dependency_sensitive,194,harm_aware_selective,done
revision_table6_qsens_q0p80_dep300_dep_s195_uncertainty_matched,dependency_sensitive,dependency_sensitive,195,uncertainty_only_matched_budget,done
revision_table6_qsens_q0p80_dep300_dep_s195_harm,dependency_sensitive,dependency_sensitive,195,harm_aware_selective,done
revision_table6_qsens_q0p80_dep300_dep_s196_uncertainty_matched,dependency_sensitive,dependency_sensitive,196,uncertainty_only_matched_budget,done
revision_table6_qsens_q0p80_dep300_dep_s196_harm,dependency_sensitive,dependency_sensitive,196,harm_aware_selective,done
revision_table6_qsens_q0p80_dep300_dep_s197_uncertainty_matched,dependency_sensitive,dependency_sensitive,197,uncertainty_only_matched_budget,done
revision_table6_qsens_q0p80_dep300_dep_s197_harm,dependency_sensitive,dependency_sensitive,197,harm_aware_selective,done
revision_table6_qsens_q0p80_dep300_dep_s198_uncertainty_matched,dependency_sensitive,dependency_sensitive,198,uncertainty_only_matched_budget,done
revision_table6_qsens_q0p80_dep300_dep_s198_harm,dependency_sensitive,dependency_sensitive,198,harm_aware_selective,done
revision_table6_qsens_q0p80_dep300_dep_s199_uncertainty_matched,dependency_sensitive,dependency_sensitive,199,uncertainty_only_matched_budget,done
revision_table6_qsens_q0p80_dep300_dep_s199_harm,dependency_sensitive,dependency_sensitive,199,harm_aware_selective,done
revision_table6_qsens_q0p80_dep300_dep_s200_uncertainty_matched,dependency_sensitive,dependency_sensitive,200,uncertainty_only_matched_budget,done
revision_table6_qsens_q0p80_dep300_dep_s200_harm,dependency_sensitive,dependency_sensitive,200,harm_aware_selective,done
revision_table6_qsens_q0p80_dep300_dep_s201_uncertainty_matched,dependency_sensitive,dependency_sensitive,201,uncertainty_only_matched_budget,done
revision_table6_qsens_q0p80_dep300_dep_s201_harm,dependency_sensitive,dependency_sensitive,201,harm_aware_selective,done
revision_table6_qsens_q0p80_dep300_dep_s202_uncertainty_matched,dependency_sensitive,dependency_sensitive,202,uncertainty_only_matched_budget,done
revision_table6_qsens_q0p80_dep300_dep_s202_harm,dependency_sensitive,dependency_sensitive,202,harm_aware_selective,done
revision_table6_qsens_q0p80_dep300_dep_s203_uncertainty_matched,dependency_sensitive,dependency_sensitive,203,uncertainty_only_matched_budget,done
revision_table6_qsens_q0p80_dep300_dep_s203_harm,dependency_sensitive,dependency_sensitive,203,harm_aware_selective,done
revision_table6_qsens_q0p80_dep300_dep_s204_uncertainty_matched,dependency_sensitive,dependency_sensitive,204,uncertainty_only_matched_budget,done
revision_table6_qsens_q0p80_dep300_dep_s204_harm,dependency_sensitive,dependency_sensitive,204,harm_aware_selective,done
revision_table6_qsens_q0p80_dep300_dep_s205_uncertainty_matched,dependency_sensitive,dependency_sensitive,205,uncertainty_only_matched_budget,done
revision_table6_qsens_q0p80_dep300_dep_s205_harm,dependency_sensitive,dependency_sensitive,205,harm_aware_selective,done
revision_table6_qsens_q0p80_dep300_dep_s206_uncertainty_matched,dependency_sensitive,dependency_sensitive,206,uncertainty_only_matched_budget,done
revision_table6_qsens_q0p80_dep300_dep_s206_harm,dependency_sensitive,dependency_sensitive,206,harm_aware_selective,done
revision_table6_qsens_q0p80_dep300_dep_s207_uncertainty_matched,dependency_sensitive,dependency_sensitive,207,uncertainty_only_matched_budget,done
revision_table6_qsens_q0p80_dep300_dep_s207_harm,dependency_sensitive,dependency_sensitive,207,harm_aware_selective,done
revision_table6_qsens_q0p80_dep300_dep_s208_uncertainty_matched,dependency_sensitive,dependency_sensitive,208,uncertainty_only_matched_budget,done
revision_table6_qsens_q0p80_dep300_dep_s208_harm,dependency_sensitive,dependency_sensitive,208,harm_aware_selective,done
revision_table6_qsens_q0p80_dep300_dep_s209_uncertainty_matched,dependency_sensitive,dependency_sensitive,209,uncertainty_only_matched_budget,done
revision_table6_qsens_q0p80_dep300_dep_s209_harm,dependency_sensitive,dependency_sensitive,209,harm_aware_selective,done
revision_table6_qsens_q0p80_dep300_dep_s210_uncertainty_matched,dependency_sensitive,dependency_sensitive,210,uncertainty_only_matched_budget,done
revision_table6_qsens_q0p80_dep300_dep_s210_harm,dependency_sensitive,dependency_sensitive,210,harm_aware_selective,done
revision_table6_qsens_q0p80_dep300_dep_s211_uncertainty_matched,dependency_sensitive,dependency_sensitive,211,uncertainty_only_matched_budget,done
revision_table6_qsens_q0p80_dep300_dep_s211_harm,dependency_sensitive,dependency_sensitive,211,harm_aware_selective,done
revision_table6_qsens_q0p80_dep300_dep_s212_uncertainty_matched,dependency_sensitive,dependency_sensitive,212,uncertainty_only_matched_budget,done
revision_table6_qsens_q0p80_dep300_dep_s212_harm,dependency_sensitive,dependency_sensitive,212,harm_aware_selective,done
revision_table6_qsens_q0p80_dep300_dep_s213_uncertainty_matched,dependency_sensitive,dependency_sensitive,213,uncertainty_only_matched_budget,done
revision_table6_qsens_q0p80_dep300_dep_s213_harm,dependency_sensitive,dependency_sensitive,213,harm_aware_selective,done
revision_table6_qsens_q0p80_dep300_dep_s214_uncertainty_matched,dependency_sensitive,dependency_sensitive,214,uncertainty_only_matched_budget,done
revision_table6_qsens_q0p80_dep300_dep_s214_harm,dependency_sensitive,dependency_sensitive,214,harm_aware_selective,done
revision_table6_qsens_q0p80_dep300_dep_s215_uncertainty_matched,dependency_sensitive,dependency_sensitive,215,uncertainty_only_matched_budget,done
revision_table6_qsens_q0p80_dep300_dep_s215_harm,dependency_sensitive,dependency_sensitive,215,harm_aware_selective,done
revision_table6_qsens_q0p80_dep300_dep_s216_uncertainty_matched,dependency_sensitive,dependency_sensitive,216,uncertainty_only_matched_budget,done
revision_table6_qsens_q0p80_dep300_dep_s216_harm,dependency_sensitive,dependency_sensitive,216,harm_aware_selective,done
revision_table6_qsens_q0p80_dep300_dep_s217_uncertainty_matched,dependency_sensitive,dependency_sensitive,217,uncertainty_only_matched_budget,done
revision_table6_qsens_q0p80_dep300_dep_s217_harm,dependency_sensitive,dependency_sensitive,217,harm_aware_selective,done
revision_table6_qsens_q0p80_dep300_dep_s218_uncertainty_matched,dependency_sensitive,dependency_sensitive,218,uncertainty_only_matched_budget,done
revision_table6_qsens_q0p80_dep300_dep_s218_harm,dependency_sensitive,dependency_sensitive,218,harm_aware_selective,done
revision_table6_qsens_q0p80_dep300_dep_s219_uncertainty_matched,dependency_sensitive,dependency_sensitive,219,uncertainty_only_matched_budget,done
revision_table6_qsens_q0p80_dep300_dep_s219_harm,dependency_sensitive,dependency_sensitive,219,harm_aware_selective,done
revision_table6_qsens_q0p80_dep300_dep_s220_uncertainty_matched,dependency_sensitive,dependency_sensitive,220,uncertainty_only_matched_budget,done
revision_table6_qsens_q0p80_dep300_dep_s220_harm,dependency_sensitive,dependency_sensitive,220,harm_aware_selective,done
revision_table6_qsens_q0p80_dep300_dep_s221_uncertainty_matched,dependency_sensitive,dependency_sensitive,221,uncertainty_only_matched_budget,done
revision_table6_qsens_q0p80_dep300_dep_s221_harm,dependency_sensitive,dependency_sensitive,221,harm_aware_selective,done
revision_table6_qsens_q0p80_dep300_dep_s222_uncertainty_matched,dependency_sensitive,dependency_sensitive,222,uncertainty_only_matched_budget,done
revision_table6_qsens_q0p80_dep300_dep_s222_harm,dependency_sensitive,dependency_sensitive,222,harm_aware_selective,done
revision_table6_qsens_q0p80_dep300_dep_s223_uncertainty_matched,dependency_sensitive,dependency_sensitive,223,uncertainty_only_matched_budget,done
revision_table6_qsens_q0p80_dep300_dep_s223_harm,dependency_sensitive,dependency_sensitive,223,harm_aware_selective,done
revision_table6_qsens_q0p80_dep300_dep_s224_uncertainty_matched,dependency_sensitive,dependency_sensitive,224,uncertainty_only_matched_budget,done
revision_table6_qsens_q0p80_dep300_dep_s224_harm,dependency_sensitive,dependency_sensitive,224,harm_aware_selective,done
revision_table6_qsens_q0p80_dep300_dep_s225_uncertainty_matched,dependency_sensitive,dependency_sensitive,225,uncertainty_only_matched_budget,done
revision_table6_qsens_q0p80_dep300_dep_s225_harm,dependency_sensitive,dependency_sensitive,225,harm_aware_selective,done
revision_table6_qsens_q0p80_dep300_dep_s226_uncertainty_matched,dependency_sensitive,dependency_sensitive,226,uncertainty_only_matched_budget,done
revision_table6_qsens_q0p80_dep300_dep_s226_harm,dependency_sensitive,dependency_sensitive,226,harm_aware_selective,done
revision_table6_qsens_q0p80_dep300_dep_s227_uncertainty_matched,dependency_sensitive,dependency_sensitive,227,uncertainty_only_matched_budget,done
revision_table6_qsens_q0p80_dep300_dep_s227_harm,dependency_sensitive,dependency_sensitive,227,harm_aware_selective,done
revision_table6_qsens_q0p80_dep300_dep_s228_uncertainty_matched,dependency_sensitive,dependency_sensitive,228,uncertainty_only_matched_budget,done
revision_table6_qsens_q0p80_dep300_dep_s228_harm,dependency_sensitive,dependency_sensitive,228,harm_aware_selective,done
revision_table6_qsens_q0p80_dep300_dep_s229_uncertainty_matched,dependency_sensitive,dependency_sensitive,229,uncertainty_only_matched_budget,done
revision_table6_qsens_q0p80_dep300_dep_s229_harm,dependency_sensitive,dependency_sensitive,229,harm_aware_selective,done
revision_table6_qsens_q0p80_dep300_dep_s230_uncertainty_matched,dependency_sensitive,dependency_sensitive,230,uncertainty_only_matched_budget,done
revision_table6_qsens_q0p80_dep300_dep_s230_harm,dependency_sensitive,dependency_sensitive,230,harm_aware_selective,done
revision_table6_qsens_q0p80_dep300_dep_s231_uncertainty_matched,dependency_sensitive,dependency_sensitive,231,uncertainty_only_matched_budget,done
revision_table6_qsens_q0p80_dep300_dep_s231_harm,dependency_sensitive,dependency_sensitive,231,harm_aware_selective,done
revision_table6_qsens_q0p80_dep300_dep_s232_uncertainty_matched,dependency_sensitive,dependency_sensitive,232,uncertainty_only_matched_budget,done
revision_table6_qsens_q0p80_dep300_dep_s232_harm,dependency_sensitive,dependency_sensitive,232,harm_aware_selective,done
revision_table6_qsens_q0p80_dep300_dep_s233_uncertainty_matched,dependency_sensitive,dependency_sensitive,233,uncertainty_only_matched_budget,done
revision_table6_qsens_q0p80_dep300_dep_s233_harm,dependency_sensitive,dependency_sensitive,233,harm_aware_selective,done
revision_table6_qsens_q0p80_dep300_dep_s234_uncertainty_matched,dependency_sensitive,dependency_sensitive,234,uncertainty_only_matched_budget,done
revision_table6_qsens_q0p80_dep300_dep_s234_harm,dependency_sensitive,dependency_sensitive,234,harm_aware_selective,done
revision_table6_qsens_q0p80_dep300_dep_s235_uncertainty_matched,dependency_sensitive,dependency_sensitive,235,uncertainty_only_matched_budget,done
revision_table6_qsens_q0p80_dep300_dep_s235_harm,dependency_sensitive,dependency_sensitive,235,harm_aware_selective,done
revision_table6_qsens_q0p80_dep300_dep_s236_uncertainty_matched,dependency_sensitive,dependency_sensitive,236,uncertainty_only_matched_budget,done
revision_table6_qsens_q0p80_dep300_dep_s236_harm,dependency_sensitive,dependency_sensitive,236,harm_aware_selective,done
revision_table6_qsens_q0p80_dep300_dep_s237_uncertainty_matched,dependency_sensitive,dependency_sensitive,237,uncertainty_only_matched_budget,done
revision_table6_qsens_q0p80_dep300_dep_s237_harm,dependency_sensitive,dependency_sensitive,237,harm_aware_selective,done
revision_table6_qsens_q0p80_dep300_dep_s238_uncertainty_matched,dependency_sensitive,dependency_sensitive,238,uncertainty_only_matched_budget,done
revision_table6_qsens_q0p80_dep300_dep_s238_harm,dependency_sensitive,dependency_sensitive,238,harm_aware_selective,done
revision_table6_qsens_q0p80_dep300_dep_s239_uncertainty_matched,dependency_sensitive,dependency_sensitive,239,uncertainty_only_matched_budget,done
revision_table6_qsens_q0p80_dep300_dep_s239_harm,dependency_sensitive,dependency_sensitive,239,harm_aware_selective,done
revision_table6_qsens_q0p80_dep300_dep_s240_uncertainty_matched,dependency_sensitive,dependency_sensitive,240,uncertainty_only_matched_budget,done
revision_table6_qsens_q0p80_dep300_dep_s240_harm,dependency_sensitive,dependency_sensitive,240,harm_aware_selective,done
revision_table6_qsens_q0p80_dep300_dep_s241_uncertainty_matched,dependency_sensitive,dependency_sensitive,241,uncertainty_only_matched_budget,done
revision_table6_qsens_q0p80_dep300_dep_s241_harm,dependency_sensitive,dependency_sensitive,241,harm_aware_selective,done
revision_table6_qsens_q0p80_dep300_dep_s242_uncertainty_matched,dependency_sensitive,dependency_sensitive,242,uncertainty_only_matched_budget,done
revision_table6_qsens_q0p80_dep300_dep_s242_harm,dependency_sensitive,dependency_sensitive,242,harm_aware_selective,done
revision_table6_qsens_q0p80_dep300_dep_s243_uncertainty_matched,dependency_sensitive,dependency_sensitive,243,uncertainty_only_matched_budget,done
revision_table6_qsens_q0p80_dep300_dep_s243_harm,dependency_sensitive,dependency_sensitive,243,harm_aware_selective,done
revision_table6_qsens_q0p80_dep300_dep_s244_uncertainty_matched,dependency_sensitive,dependency_sensitive,244,uncertainty_only_matched_budget,done
revision_table6_qsens_q0p80_dep300_dep_s244_harm,dependency_sensitive,dependency_sensitive,244,harm_aware_selective,done
revision_table6_qsens_q0p80_dep300_dep_s245_uncertainty_matched,dependency_sensitive,dependency_sensitive,245,uncertainty_only_matched_budget,done
revision_table6_qsens_q0p80_dep300_dep_s245_harm,dependency_sensitive,dependency_sensitive,245,harm_aware_selective,done
revision_table6_qsens_q0p80_dep300_dep_s246_uncertainty_matched,dependency_sensitive,dependency_sensitive,246,uncertainty_only_matched_budget,done
revision_table6_qsens_q0p80_dep300_dep_s246_harm,dependency_sensitive,dependency_sensitive,246,harm_aware_selective,done
revision_table6_qsens_q0p80_dep300_dep_s247_uncertainty_matched,dependency_sensitive,dependency_sensitive,247,uncertainty_only_matched_budget,done
revision_table6_qsens_q0p80_dep300_dep_s247_harm,dependency_sensitive,dependency_sensitive,247,harm_aware_selective,done
revision_table6_qsens_q0p80_dep300_dep_s248_uncertainty_matched,dependency_sensitive,dependency_sensitive,248,uncertainty_only_matched_budget,done
revision_table6_qsens_q0p80_dep300_dep_s248_harm,dependency_sensitive,dependency_sensitive,248,harm_aware_selective,done
revision_table6_qsens_q0p80_dep300_dep_s249_uncertainty_matched,dependency_sensitive,dependency_sensitive,249,uncertainty_only_matched_budget,done
revision_table6_qsens_q0p80_dep300_dep_s249_harm,dependency_sensitive,dependency_sensitive,249,harm_aware_selective,done
revision_table6_qsens_q0p80_dep300_dep_s250_uncertainty_matched,dependency_sensitive,dependency_sensitive,250,uncertainty_only_matched_budget,done
revision_table6_qsens_q0p80_dep300_dep_s250_harm,dependency_sensitive,dependency_sensitive,250,harm_aware_selective,done
revision_table6_qsens_q0p80_dep300_dep_s251_uncertainty_matched,dependency_sensitive,dependency_sensitive,251,uncertainty_only_matched_budget,done
revision_table6_qsens_q0p80_dep300_dep_s251_harm,dependency_sensitive,dependency_sensitive,251,harm_aware_selective,done
revision_table6_qsens_q0p80_dep300_dep_s252_uncertainty_matched,dependency_sensitive,dependency_sensitive,252,uncertainty_only_matched_budget,done
revision_table6_qsens_q0p80_dep300_dep_s252_harm,dependency_sensitive,dependency_sensitive,252,harm_aware_selective,done
revision_table6_qsens_q0p80_dep300_dep_s253_uncertainty_matched,dependency_sensitive,dependency_sensitive,253,uncertainty_only_matched_budget,done
revision_table6_qsens_q0p80_dep300_dep_s253_harm,dependency_sensitive,dependency_sensitive,253,harm_aware_selective,done
revision_table6_qsens_q0p80_dep300_dep_s254_uncertainty_matched,dependency_sensitive,dependency_sensitive,254,uncertainty_only_matched_budget,done
revision_table6_qsens_q0p80_dep300_dep_s254_harm,dependency_sensitive,dependency_sensitive,254,harm_aware_selective,done
revision_table6_qsens_q0p80_dep300_dep_s255_uncertainty_matched,dependency_sensitive,dependency_sensitive,255,uncertainty_only_matched_budget,done
revision_table6_qsens_q0p80_dep300_dep_s255_harm,dependency_sensitive,dependency_sensitive,255,harm_aware_selective,done
revision_table6_qsens_q0p80_dep300_dep_s256_uncertainty_matched,dependency_sensitive,dependency_sensitive,256,uncertainty_only_matched_budget,done
revision_table6_qsens_q0p80_dep300_dep_s256_harm,dependency_sensitive,dependency_sensitive,256,harm_aware_selective,done
revision_table6_qsens_q0p80_dep300_dep_s257_uncertainty_matched,dependency_sensitive,dependency_sensitive,257,uncertainty_only_matched_budget,done
revision_table6_qsens_q0p80_dep300_dep_s257_harm,dependency_sensitive,dependency_sensitive,257,harm_aware_selective,done
revision_table6_qsens_q0p80_dep300_dep_s258_uncertainty_matched,dependency_sensitive,dependency_sensitive,258,uncertainty_only_matched_budget,done
revision_table6_qsens_q0p80_dep300_dep_s258_harm,dependency_sensitive,dependency_sensitive,258,harm_aware_selective,done
revision_table6_qsens_q0p80_dep300_dep_s259_uncertainty_matched,dependency_sensitive,dependency_sensitive,259,uncertainty_only_matched_budget,done
revision_table6_qsens_q0p80_dep300_dep_s259_harm,dependency_sensitive,dependency_sensitive,259,harm_aware_selective,done
revision_table6_qsens_q0p80_dep300_dep_s260_uncertainty_matched,dependency_sensitive,dependency_sensitive,260,uncertainty_only_matched_budget,done
revision_table6_qsens_q0p80_dep300_dep_s260_harm,dependency_sensitive,dependency_sensitive,260,harm_aware_selective,done
revision_table6_qsens_q0p80_dep300_dep_s261_uncertainty_matched,dependency_sensitive,dependency_sensitive,261,uncertainty_only_matched_budget,done
revision_table6_qsens_q0p80_dep300_dep_s261_harm,dependency_sensitive,dependency_sensitive,261,harm_aware_selective,done
revision_table6_qsens_q0p80_dep300_dep_s262_uncertainty_matched,dependency_sensitive,dependency_sensitive,262,uncertainty_only_matched_budget,done
revision_table6_qsens_q0p80_dep300_dep_s262_harm,dependency_sensitive,dependency_sensitive,262,harm_aware_selective,done
revision_table6_qsens_q0p80_dep300_dep_s263_uncertainty_matched,dependency_sensitive,dependency_sensitive,263,uncertainty_only_matched_budget,done
revision_table6_qsens_q0p80_dep300_dep_s263_harm,dependency_sensitive,dependency_sensitive,263,harm_aware_selective,done
revision_table6_qsens_q0p80_dep300_dep_s264_uncertainty_matched,dependency_sensitive,dependency_sensitive,264,uncertainty_only_matched_budget,done
revision_table6_qsens_q0p80_dep300_dep_s264_harm,dependency_sensitive,dependency_sensitive,264,harm_aware_selective,done
revision_table6_qsens_q0p80_dep300_dep_s265_uncertainty_matched,dependency_sensitive,dependency_sensitive,265,uncertainty_only_matched_budget,done
revision_table6_qsens_q0p80_dep300_dep_s265_harm,dependency_sensitive,dependency_sensitive,265,harm_aware_selective,done
revision_table6_qsens_q0p80_dep300_dep_s266_uncertainty_matched,dependency_sensitive,dependency_sensitive,266,uncertainty_only_matched_budget,done
revision_table6_qsens_q0p80_dep300_dep_s266_harm,dependency_sensitive,dependency_sensitive,266,harm_aware_selective,done
revision_table6_qsens_q0p80_dep300_dep_s267_uncertainty_matched,dependency_sensitive,dependency_sensitive,267,uncertainty_only_matched_budget,done
revision_table6_qsens_q0p80_dep300_dep_s267_harm,dependency_sensitive,dependency_sensitive,267,harm_aware_selective,done
revision_table6_qsens_q0p80_dep300_dep_s268_uncertainty_matched,dependency_sensitive,dependency_sensitive,268,uncertainty_only_matched_budget,done
revision_table6_qsens_q0p80_dep300_dep_s268_harm,dependency_sensitive,dependency_sensitive,268,harm_aware_selective,done
revision_table6_qsens_q0p80_dep300_dep_s269_uncertainty_matched,dependency_sensitive,dependency_sensitive,269,uncertainty_only_matched_budget,done
revision_table6_qsens_q0p80_dep300_dep_s269_harm,dependency_sensitive,dependency_sensitive,269,harm_aware_selective,done
revision_table6_qsens_q0p80_dep300_dep_s270_uncertainty_matched,dependency_sensitive,dependency_sensitive,270,uncertainty_only_matched_budget,done
revision_table6_qsens_q0p80_dep300_dep_s270_harm,dependency_sensitive,dependency_sensitive,270,harm_aware_selective,done
revision_table6_qsens_q0p80_dep300_dep_s271_uncertainty_matched,dependency_sensitive,dependency_sensitive,271,uncertainty_only_matched_budget,done
revision_table6_qsens_q0p80_dep300_dep_s271_harm,dependency_sensitive,dependency_sensitive,271,harm_aware_selective,done
revision_table6_qsens_q0p80_dep300_dep_s272_uncertainty_matched,dependency_sensitive,dependency_sensitive,272,uncertainty_only_matched_budget,done
revision_table6_qsens_q0p80_dep300_dep_s272_harm,dependency_sensitive,dependency_sensitive,272,harm_aware_selective,done
revision_table6_qsens_q0p80_dep300_dep_s273_uncertainty_matched,dependency_sensitive,dependency_sensitive,273,uncertainty_only_matched_budget,done
revision_table6_qsens_q0p80_dep300_dep_s273_harm,dependency_sensitive,dependency_sensitive,273,harm_aware_selective,done
revision_table6_qsens_q0p80_dep300_dep_s274_uncertainty_matched,dependency_sensitive,dependency_sensitive,274,uncertainty_only_matched_budget,done
revision_table6_qsens_q0p80_dep300_dep_s274_harm,dependency_sensitive,dependency_sensitive,274,harm_aware_selective,done
revision_table6_qsens_q0p80_dep300_dep_s275_uncertainty_matched,dependency_sensitive,dependency_sensitive,275,uncertainty_only_matched_budget,done
revision_table6_qsens_q0p80_dep300_dep_s275_harm,dependency_sensitive,dependency_sensitive,275,harm_aware_selective,done
revision_table6_qsens_q0p80_dep300_dep_s276_uncertainty_matched,dependency_sensitive,dependency_sensitive,276,uncertainty_only_matched_budget,done
revision_table6_qsens_q0p80_dep300_dep_s276_harm,dependency_sensitive,dependency_sensitive,276,harm_aware_selective,done
revision_table6_qsens_q0p80_dep300_dep_s277_uncertainty_matched,dependency_sensitive,dependency_sensitive,277,uncertainty_only_matched_budget,done
revision_table6_qsens_q0p80_dep300_dep_s277_harm,dependency_sensitive,dependency_sensitive,277,harm_aware_selective,done
revision_table6_qsens_q0p80_dep300_dep_s278_uncertainty_matched,dependency_sensitive,dependency_sensitive,278,uncertainty_only_matched_budget,done
revision_table6_qsens_q0p80_dep300_dep_s278_harm,dependency_sensitive,dependency_sensitive,278,harm_aware_selective,done
revision_table6_qsens_q0p80_dep300_dep_s279_uncertainty_matched,dependency_sensitive,dependency_sensitive,279,uncertainty_only_matched_budget,done
revision_table6_qsens_q0p80_dep300_dep_s279_harm,dependency_sensitive,dependency_sensitive,279,harm_aware_selective,done
revision_table6_qsens_q0p80_dep300_dep_s280_uncertainty_matched,dependency_sensitive,dependency_sensitive,280,uncertainty_only_matched_budget,done
revision_table6_qsens_q0p80_dep300_dep_s280_harm,dependency_sensitive,dependency_sensitive,280,harm_aware_selective,done
revision_table6_qsens_q0p80_dep300_dep_s281_uncertainty_matched,dependency_sensitive,dependency_sensitive,281,uncertainty_only_matched_budget,done
revision_table6_qsens_q0p80_dep300_dep_s281_harm,dependency_sensitive,dependency_sensitive,281,harm_aware_selective,done
revision_table6_qsens_q0p80_dep300_dep_s282_uncertainty_matched,dependency_sensitive,dependency_sensitive,282,uncertainty_only_matched_budget,done
revision_table6_qsens_q0p80_dep300_dep_s282_harm,dependency_sensitive,dependency_sensitive,282,harm_aware_selective,done
revision_table6_qsens_q0p80_dep300_dep_s283_uncertainty_matched,dependency_sensitive,dependency_sensitive,283,uncertainty_only_matched_budget,done
revision_table6_qsens_q0p80_dep300_dep_s283_harm,dependency_sensitive,dependency_sensitive,283,harm_aware_selective,done
revision_table6_qsens_q0p80_dep300_dep_s284_uncertainty_matched,dependency_sensitive,dependency_sensitive,284,uncertainty_only_matched_budget,done
revision_table6_qsens_q0p80_dep300_dep_s284_harm,dependency_sensitive,dependency_sensitive,284,harm_aware_selective,done
revision_table6_qsens_q0p80_dep300_dep_s285_uncertainty_matched,dependency_sensitive,dependency_sensitive,285,uncertainty_only_matched_budget,done
revision_table6_qsens_q0p80_dep300_dep_s285_harm,dependency_sensitive,dependency_sensitive,285,harm_aware_selective,done
revision_table6_qsens_q0p80_dep300_dep_s286_uncertainty_matched,dependency_sensitive,dependency_sensitive,286,uncertainty_only_matched_budget,done
revision_table6_qsens_q0p80_dep300_dep_s286_harm,dependency_sensitive,dependency_sensitive,286,harm_aware_selective,done
revision_table6_qsens_q0p80_dep300_dep_s287_uncertainty_matched,dependency_sensitive,dependency_sensitive,287,uncertainty_only_matched_budget,done
revision_table6_qsens_q0p80_dep300_dep_s287_harm,dependency_sensitive,dependency_sensitive,287,harm_aware_selective,done
revision_table6_qsens_q0p80_dep300_dep_s288_uncertainty_matched,dependency_sensitive,dependency_sensitive,288,uncertainty_only_matched_budget,done
revision_table6_qsens_q0p80_dep300_dep_s288_harm,dependency_sensitive,dependency_sensitive,288,harm_aware_selective,done
revision_table6_qsens_q0p80_dep300_dep_s289_uncertainty_matched,dependency_sensitive,dependency_sensitive,289,uncertainty_only_matched_budget,done
revision_table6_qsens_q0p80_dep300_dep_s289_harm,dependency_sensitive,dependency_sensitive,289,harm_aware_selective,done
revision_table6_qsens_q0p80_dep300_dep_s290_uncertainty_matched,dependency_sensitive,dependency_sensitive,290,uncertainty_only_matched_budget,done
revision_table6_qsens_q0p80_dep300_dep_s290_harm,dependency_sensitive,dependency_sensitive,290,harm_aware_selective,done
revision_table6_qsens_q0p80_dep300_dep_s291_uncertainty_matched,dependency_sensitive,dependency_sensitive,291,uncertainty_only_matched_budget,done
revision_table6_qsens_q0p80_dep300_dep_s291_harm,dependency_sensitive,dependency_sensitive,291,harm_aware_selective,done
revision_table6_qsens_q0p80_dep300_dep_s292_uncertainty_matched,dependency_sensitive,dependency_sensitive,292,uncertainty_only_matched_budget,done
revision_table6_qsens_q0p80_dep300_dep_s292_harm,dependency_sensitive,dependency_sensitive,292,harm_aware_selective,done
revision_table6_qsens_q0p80_dep300_dep_s293_uncertainty_matched,dependency_sensitive,dependency_sensitive,293,uncertainty_only_matched_budget,done
revision_table6_qsens_q0p80_dep300_dep_s293_harm,dependency_sensitive,dependency_sensitive,293,harm_aware_selective,done
revision_table6_qsens_q0p80_dep300_dep_s294_uncertainty_matched,dependency_sensitive,dependency_sensitive,294,uncertainty_only_matched_budget,done
revision_table6_qsens_q0p80_dep300_dep_s294_harm,dependency_sensitive,dependency_sensitive,294,harm_aware_selective,done
revision_table6_qsens_q0p80_dep300_dep_s295_uncertainty_matched,dependency_sensitive,dependency_sensitive,295,uncertainty_only_matched_budget,done
revision_table6_qsens_q0p80_dep300_dep_s295_harm,dependency_sensitive,dependency_sensitive,295,harm_aware_selective,done
revision_table6_qsens_q0p80_dep300_dep_s296_uncertainty_matched,dependency_sensitive,dependency_sensitive,296,uncertainty_only_matched_budget,done
revision_table6_qsens_q0p80_dep300_dep_s296_harm,dependency_sensitive,dependency_sensitive,296,harm_aware_selective,done
revision_table6_qsens_q0p80_dep300_dep_s297_uncertainty_matched,dependency_sensitive,dependency_sensitive,297,uncertainty_only_matched_budget,done
revision_table6_qsens_q0p80_dep300_dep_s297_harm,dependency_sensitive,dependency_sensitive,297,harm_aware_selective,done
revision_table6_qsens_q0p80_dep300_dep_s298_uncertainty_matched,dependency_sensitive,dependency_sensitive,298,uncertainty_only_matched_budget,done
revision_table6_qsens_q0p80_dep300_dep_s298_harm,dependency_sensitive,dependency_sensitive,298,harm_aware_selective,done
revision_table6_qsens_q0p80_dep300_dep_s299_uncertainty_matched,dependency_sensitive,dependency_sensitive,299,uncertainty_only_matched_budget,done
revision_table6_qsens_q0p80_dep300_dep_s299_harm,dependency_sensitive,dependency_sensitive,299,harm_aware_selective,done
revision_table6_qsens_q0p80_dep300_dep_s300_uncertainty_matched,dependency_sensitive,dependency_sensitive,300,uncertainty_only_matched_budget,done
revision_table6_qsens_q0p80_dep300_dep_s300_harm,dependency_sensitive,dependency_sensitive,300,harm_aware_selective,done
revision_table6_qsens_q0p80_dep300_dep_s301_uncertainty_matched,dependency_sensitive,dependency_sensitive,301,uncertainty_only_matched_budget,done
revision_table6_qsens_q0p80_dep300_dep_s301_harm,dependency_sensitive,dependency_sensitive,301,harm_aware_selective,done
revision_table6_qsens_q0p80_dep300_dep_s302_uncertainty_matched,dependency_sensitive,dependency_sensitive,302,uncertainty_only_matched_budget,done
revision_table6_qsens_q0p80_dep300_dep_s302_harm,dependency_sensitive,dependency_sensitive,302,harm_aware_selective,done
revision_table6_qsens_q0p80_dep300_dep_s303_uncertainty_matched,dependency_sensitive,dependency_sensitive,303,uncertainty_only_matched_budget,done
revision_table6_qsens_q0p80_dep300_dep_s303_harm,dependency_sensitive,dependency_sensitive,303,harm_aware_selective,done
revision_table6_qsens_q0p80_dep300_dep_s304_uncertainty_matched,dependency_sensitive,dependency_sensitive,304,uncertainty_only_matched_budget,done
revision_table6_qsens_q0p80_dep300_dep_s304_harm,dependency_sensitive,dependency_sensitive,304,harm_aware_selective,done
revision_table6_qsens_q0p80_dep300_dep_s305_uncertainty_matched,dependency_sensitive,dependency_sensitive,305,uncertainty_only_matched_budget,done
revision_table6_qsens_q0p80_dep300_dep_s305_harm,dependency_sensitive,dependency_sensitive,305,harm_aware_selective,done
revision_table6_qsens_q0p80_dep300_dep_s306_uncertainty_matched,dependency_sensitive,dependency_sensitive,306,uncertainty_only_matched_budget,done
revision_table6_qsens_q0p80_dep300_dep_s306_harm,dependency_sensitive,dependency_sensitive,306,harm_aware_selective,done
revision_table6_qsens_q0p80_dep300_dep_s307_uncertainty_matched,dependency_sensitive,dependency_sensitive,307,uncertainty_only_matched_budget,done
revision_table6_qsens_q0p80_dep300_dep_s307_harm,dependency_sensitive,dependency_sensitive,307,harm_aware_selective,done
revision_table6_qsens_q0p80_dep300_dep_s308_uncertainty_matched,dependency_sensitive,dependency_sensitive,308,uncertainty_only_matched_budget,done
revision_table6_qsens_q0p80_dep300_dep_s308_harm,dependency_sensitive,dependency_sensitive,308,harm_aware_selective,done
revision_table6_qsens_q0p80_dep300_dep_s309_uncertainty_matched,dependency_sensitive,dependency_sensitive,309,uncertainty_only_matched_budget,done
revision_table6_qsens_q0p80_dep300_dep_s309_harm,dependency_sensitive,dependency_sensitive,309,harm_aware_selective,done
revision_table6_qsens_q0p80_dep300_dep_s310_uncertainty_matched,dependency_sensitive,dependency_sensitive,310,uncertainty_only_matched_budget,done
revision_table6_qsens_q0p80_dep300_dep_s310_harm,dependency_sensitive,dependency_sensitive,310,harm_aware_selective,done
revision_table6_qsens_q0p80_dep300_dep_s311_uncertainty_matched,dependency_sensitive,dependency_sensitive,311,uncertainty_only_matched_budget,done
revision_table6_qsens_q0p80_dep300_dep_s311_harm,dependency_sensitive,dependency_sensitive,311,harm_aware_selective,done
revision_table6_qsens_q0p80_dep300_dep_s312_uncertainty_matched,dependency_sensitive,dependency_sensitive,312,uncertainty_only_matched_budget,done
revision_table6_qsens_q0p80_dep300_dep_s312_harm,dependency_sensitive,dependency_sensitive,312,harm_aware_selective,done
revision_table6_qsens_q0p80_dep300_dep_s313_uncertainty_matched,dependency_sensitive,dependency_sensitive,313,uncertainty_only_matched_budget,done
revision_table6_qsens_q0p80_dep300_dep_s313_harm,dependency_sensitive,dependency_sensitive,313,harm_aware_selective,done
revision_table6_qsens_q0p80_dep300_dep_s314_uncertainty_matched,dependency_sensitive,dependency_sensitive,314,uncertainty_only_matched_budget,done
revision_table6_qsens_q0p80_dep300_dep_s314_harm,dependency_sensitive,dependency_sensitive,314,harm_aware_selective,done
revision_table6_qsens_q0p80_dep300_dep_s315_uncertainty_matched,dependency_sensitive,dependency_sensitive,315,uncertainty_only_matched_budget,done
revision_table6_qsens_q0p80_dep300_dep_s315_harm,dependency_sensitive,dependency_sensitive,315,harm_aware_selective,done
revision_table6_qsens_q0p80_dep300_dep_s316_uncertainty_matched,dependency_sensitive,dependency_sensitive,316,uncertainty_only_matched_budget,done
revision_table6_qsens_q0p80_dep300_dep_s316_harm,dependency_sensitive,dependency_sensitive,316,harm_aware_selective,done
revision_table6_qsens_q0p80_dep300_dep_s317_uncertainty_matched,dependency_sensitive,dependency_sensitive,317,uncertainty_only_matched_budget,done
revision_table6_qsens_q0p80_dep300_dep_s317_harm,dependency_sensitive,dependency_sensitive,317,harm_aware_selective,done
revision_table6_qsens_q0p80_dep300_dep_s318_uncertainty_matched,dependency_sensitive,dependency_sensitive,318,uncertainty_only_matched_budget,done
revision_table6_qsens_q0p80_dep300_dep_s318_harm,dependency_sensitive,dependency_sensitive,318,harm_aware_selective,done
revision_table6_qsens_q0p80_dep300_dep_s319_uncertainty_matched,dependency_sensitive,dependency_sensitive,319,uncertainty_only_matched_budget,done
revision_table6_qsens_q0p80_dep300_dep_s319_harm,dependency_sensitive,dependency_sensitive,319,harm_aware_selective,done
